{
  "class_acc": 0.967391304347826,
  "class_f1_macro": 0.9693094629156009,
  "class_f1_micro": 0.967391304347826,
  "color_acc": 0.7282608695652174,
  "color_f1_macro": 0.5910373939785704,
  "material_acc": 0.8913043478260869,
  "material_f1_macro": 0.8515819463187885,
  "condition_acc": 0.8043478260869565,
  "condition_f1_macro": 0.7965601965601965,
  "size_acc": 0.9239130434782609,
  "size_f1_macro": 0.9478104133382491,
  "n_valid_class": 92,
  "n_valid_color": 92,
  "n_valid_material": 92,
  "n_valid_condition": 92,
  "n_valid_size": 92
}